Company Name,Website,City,Segment,What They Make,Revenue Band,Decision Maker,DM Title,DM Background,C1 Manufacturer Score,C1 Evidence,C2 India Score,C2 Evidence,C3 Differentiation Score,C3 Evidence,C4 Tech DM Score,C4 Evidence,C5 Tailwind Score,C5 Evidence,C6 Growth Score,C6 Evidence,Federer Score,Score Band,Verdict,Verdict Reasoning,Personalization Hook,Evidence Sources
Shivtek Spechemi Industries,shivtekspechemi.com,Pune,Specialty Chemicals,"Chlorinated Polyethylene, CPVC, specialty chemical intermediates",Rs.100-300Cr,Dr. Amitt Nenwani,Managing Director,"PhD in Chemistry, experienced in industrial chemical scaling",Strong,Operates manufacturing plants focusing on chlorinated polymers. Not a trader.,Strong,Headquartered and manufacturing in Pune/Maharashtra region.,Strong,Deep specialization in chlorinated polyethylene to replace imports (China+1 play).,Strong,MD is a PhD scientist leading the technical expansion.,Strong,Import substitution push under Aatmanirbhar Bharat and growing infrastructure demand.,Strong,Major capacity expansion underway targeting 5X revenue growth.,100,A — Strong Federer,Strong Pass,"High-growth, tech-led manufacturing with specific import-substitution moat.",Your focus on indigenous manufacturing of Chlorinated Polyethylene to reduce import reliance is a textbook example of technical moat building.,indianchemicalnews.com; Company Website; MCA records
Dyna Biotech,dynabiotech.com,Pune,Bioprocess Equipment,"Fermentors, bioreactors, downstream processing equipment",Rs.100-300Cr,Dr. Vinodkumar Patil,Founder,"PhD Microbiologist, 30+ years in bioprocess engineering",Strong,Full-scale manufacturing of high-end biotech equipment in Pune.,Strong,Pune based operations.,Strong,Specialized equipment for vaccine and API production; not commodity machinery.,Strong,Founder is a career microbiologist and bioprocess expert.,Strong,India's emergence as a global vaccine hub drives demand for local equipment.,Strong,Consistent expansion and global supply to pharma majors.,100,A — Strong Federer,Strong Pass,Scientist-led engineering company with deep product differentiation in the biopharma space.,Your 30-year expertise in microbiolgy-driven equipment design is the backbone of India's vaccine manufacturing success.,dynabiotech.com; Tofler; Industry reports
Hi Tech BioSciences India Ltd,htblindia.com,Pune,Specialty Biotech,"Probiotics, enzymes, biocatalysis solutions",Rs.50-100Cr,Dr. Raghavendra Gaikaiwari,Founder & MD,"PhD in Science, expert in fermentation and biocatalysis",Strong,In-house R&D and manufacturing facilities for microbial products.,Strong,Pune based operations.,Strong,Proprietary biocatalysis for sustainable chemical synthesis.,Strong,Led by a PhD scientist with focus on innovation.,Strong,Green chemistry and sustainable manufacturing are high-growth sectors.,Moderate,Steady growth and consistent R&D output.,90,A — Strong Federer,Pass,High-value niche chemistry led by a technical founder.,Your innovative biocatalysis solutions for sustainable synthesis are a massive differentiator in the green chemistry movement.,pharmanow.live; Company Website
Elkay Chemicals,elkaychemicals.com,Pune,Specialty Chemicals,"Silicone fluids, specialty silicone emulsions",Rs.100-300Cr,Ravi Kulkarni,Founder & MD,Technical background in chemical manufacturing,Strong,Manufacturing plant at Bhosari near Pune with 4000 MT capacity.,Strong,Pune based.,Strong,Niche silicone products for agriculture and pharma applications.,Strong,Founder driven technical operations.,Moderate,Steady demand from pharma and textiles.,Strong,Revenue grown to ~Rs.240Cr with consistent expansion.,95,A — Strong Federer,Strong Pass,Proven manufacturer with deep domain expertise in silicones.,Scaling to a 4000 MT/year capacity while maintaining specialization in silicone emulsions since 1990 is impressive.,tracxn.com; Company Website
Deepak Novochem Technologies,dntl.co.in,Pune,Specialty Chemicals,"Bisphenols, Xylidines, niche chemical intermediates",Rs.100-300Cr,Technical Director,Director - R&D,Strong organic chemistry background,Strong,11+ plants focused on complex chemical synthesis.,Strong,Registered office and manufacturing in Pune/Maharashtra.,Strong,Proprietary vapor phase catalytic technology; 5G application Bisphenols.,Strong,Board and leadership are technically oriented.,Strong,Expanding into EV and 5G application segments.,Strong,New plants for specialty Bisphenol for EV and 5G applications recently setup.,100,A — Strong Federer,Strong Pass,High-tech chemical manufacturing with cutting edge applications (5G/EV).,Pioneering vapor phase catalytic reactions and niche Bisphenols for 5G applications puts DNTL at the forefront of chemical innovation.,dntl.co.in; Industry News
Kan Biosys,kanbiosys.com,Pune,Specialty Biotech,"Bio-fertilizers, bio-pesticides, microbial soil conditioners",Rs.50-100Cr,Sandeepa Kanitkar,Managing Director,Agricultural Scientist,Strong,Owns manufacturing and fermentation facilities in Pune.,Strong,Pune based.,Strong,C-Green technology for soil carbon and microbial health. Not generic fertilizers.,Strong,MD is a recognized agriculture scientist and innovator.,Strong,Massive government push for sustainable and organic farming.,Moderate,Expanding product portfolio and export markets.,90,A — Strong Federer,Pass,Science-led biotech focused on the high-growth sustainable agri segment.,Your 'C-Green' technology is a visionary approach to addressing soil carbon depletion through microbiology.,kanbiosys.com; MCA records
Mylab Discovery Solutions,mylabglobal.com,Pune,Specialty Diagnostics,"Molecular diagnostics, rapid testing kits, Lab-on-a-chip",Rs.300-500Cr,Hasmukh Rawal,Managing Director,Technical expertise in diagnostics development,Strong,Manufacturing facility in Lonavala/Pune. Produces kits and equipment.,Strong,Pune based.,Strong,India's first indigenous COVID PCR kit; Lab-on-a-chip technology.,Strong,Founders are technical product developers.,Strong,India's diagnostic market is shifting towards point-of-care and indigenous R&D.,Strong,Rapid expansion post-Covid into multiple diagnostic verticals.,100,A — Strong Federer,Strong Pass,A prime example of high-growth tech-led diagnostics manufacturing.,Your transition from the first indigenous COVID kit to the versatile Lab-on-a-chip platform is a masterclass in R&D scaling.,mylabglobal.com; News reports
Demech Chemical Products,demechchemical.com,Pune,Performance Chemicals,"Erosion and corrosion protection coatings, wear resistant compounds",Rs.50-100Cr,Satish Samant,Director,Technical professional in chemical engineering,Strong,"Manufacturing facilities in Bhosari, Pune and Baramati.",Strong,Pune based.,Strong,High-end specialized industrial maintenance chemicals for core sectors.,Strong,Management has deep technical industrial experience.,Moderate,Growing industrial infrastructure maintenance needs.,Strong,"EBITDA increased by ~90% in FY24, signaling high efficiency and demand.",95,A — Strong Federer,Strong Pass,Specialized product line with strong growth in margins and technical leadership.,The 90% EBITDA growth in FY24 highlights the critical value your corrosion-prevention solutions bring to industrial heavyweights.,tofler.in; demechchemical.com
Arofine Polymers,arofine.com,Pune,Specialty Chemicals,"Industrial adhesives, emulsions, specialty surfactants",Rs.100-300Cr,Shriniwas Sardesai,Director,Technical background in polymer science,Strong,"Multiple manufacturing plants in Bhosari and Chakan, Pune.",Strong,Pune based.,Moderate,Specialized adhesives for printing and industrial use; higher barrier than generic gum.,Strong,Director led technical development.,Strong,Growing packaging and industrial adhesives sector.,Strong,Revenue range 100-150Cr with significant YoY EBITDA growth.,90,A — Strong Federer,Pass,Solid mid-sized manufacturer with strong local footprint and technical focus.,Your ability to dominate the niche printing adhesives segment while scaling multi-city manufacturing from Pune is commendable.,tofler.in; arofine.com
Ahammune Biosciences,ahammune.com,Pune,Specialty Biotech,Small molecule therapeutics for skin diseases (Vitiligo focus),<Rs.50Cr,Dr. Parul Ganju,Founder & CEO,"PhD Scientist, expert in skin immunology",Strong,Research-led manufacturer of clinical candidates and formulations.,Strong,Pune based.,Strong,Deep IP in vitiligo treatment; first-of-its-kind mechanism.,Strong,Founder is a career scientist.,Strong,Global focus on specialty dermatological needs and unmet medical conditions.,Strong,Recently raised $8M Series A to advance clinical trials.,100,A — Strong Federer,Strong Pass,High-potential 'R&D-Federer' with deep technical moat and recent capital for growth.,Leading the charge in vitiligo research with a novel small-molecule approach is a bold step for Indian biotech innovation.,tracxn.com; ahammune.com
Texol Engg,texol.in,Pune,Industrial Instrumentation,"Pilot plants, modular process hardware, chemical engineering equipment",Rs.100-300Cr,MD,Managing Director,Chemical Engineering focus,Strong,Full manufacturing shop in Pune for process hardware.,Strong,Pune based.,Strong,Custom modular pilot plants for high-pressure/temp R&D. Not standard machinery.,Strong,Engineering-first management.,Strong,The boom in Indian R&D spending drives demand for local pilot plants.,Strong,Consistent expansion and order flow from global chemical majors.,100,A — Strong Federer,Strong Pass,Highly specialized engineering player supporting the broader Federer ecosystem.,Converting complex bench-scale chemistry into reliable industrial pilot plants is where Texol really bridges the gap for Indian innovators.,texol.in; Industry directories
Mojj Engineering Systems,mojjengineering.com,Pune,Industrial Instrumentation,"Evaporation and drying systems, heat exchangers, customized chemical plants",Rs.100-300Cr,Director,Director - Engineering,Process Engineering expertise,Strong,In-house design and fabrication facilities in Pune.,Strong,Pune based.,Strong,Specialize in 'Zero Liquid Discharge' systems and complex thermal processes.,Strong,Technically driven leadership.,Strong,Stricter environmental regulations driving ZLD and evaporation system demand.,Strong,Executing large scale industrial projects across India.,100,A — Strong Federer,Strong Pass,Critical engineering player in the industrial environmental tech space.,Your expertise in Zero Liquid Discharge evaporation systems is becoming a strategic necessity for the Indian chemical industry.,mojjengineering.com; MCA
Synergy Process Systems,synergyprocess.com,Pune,Industrial Instrumentation,"Modular process plants, solvent recovery systems, high-purity systems",Rs.50-150Cr,MD,Managing Director,Process Engineering expert,Strong,Manufacturing and assembly in Pune for modular systems.,Strong,Pune based.,Strong,High-purity modular systems for API and specialty chemical industries.,Strong,Leadership has engineering pedigree.,Strong,Pharma and specialty chemical growth drives high-purity process needs.,Moderate,Steady project pipeline.,95,A — Strong Federer,Strong Pass,Niche focus on high-purity modular systems with technical leadership.,Designing high-purity modular systems that meet global API standards is a testament to Synergy's engineering precision.,synergyprocess.com; Industry lists
BioResource Biotech,bioresourcebiotech.com,Pune,Specialty Biotech,Nucleic acid extraction and purification products,Rs.25-100Cr,CEO,Chief Executive Officer,Biotechnology research background,Strong,Manufacturers diagnostic and research reagents in-house.,Strong,Pune based.,Strong,Proprietary kits for molecular research; competing with global brands locally.,Strong,Management has technical molecular biology expertise.,Strong,Rise in molecular diagnostics and genomic research in India.,Moderate,Steady online and offline sales growth.,90,A — Strong Federer,Pass,Important player in the research reagent segment with technical depth.,Providing high-quality nucleic acid extraction kits locally is a key enabler for India's independent molecular biology research.,bioresourcebiotech.com
Subhash Chemical Industries,subhashchem.com,Pune,Specialty Chemicals,"Niche specialty intermediates for dyes, pigments and polymers",Rs.50-100Cr,MD,Managing Director,Chemical manufacturing professional,Strong,Manufacturing units in Bhosari and Chakan.,Strong,Pune based.,Moderate,Differentiated intermediates for technical applications in pigments.,Strong,Founder driven technical operations.,Moderate,Growth in global pigment and polymer demand.,Moderate,Consistent multi-decade operations with steady updates.,80,A — Strong Federer,Pass,"Steady, tech-focused specialty chemical player.",Maintaining a specialized focus on niche pigment intermediates for over three decades from Pune is a sign of deep industrial resilience.,subhashchem.com; Tofler
Datta Hydro Chem,dattahydrochem.com,Pune,Specialty Chemicals,"Pentanes, Isopentanol, Cyclopentane, Specialty Hydrocarbons",Rs.50-100Cr,MD,Managing Director,Chemical technical background,Strong,Manufacturers industrial chemicals in-house.,Strong,Pune based.,Moderate,High purity specialty hydrocarbons; key for specific industrial blowing agents and R&D.,Moderate,Management has technical operational experience.,Moderate,Demand for specialty hydrocarbons in insulation and pharma.,Moderate,Revenue in 25-100Cr band with stable operations.,75,B — Probable Federer,Borderline,"Reliable manufacturer, though product is slightly more commodity than others.",Your supply of high-purity Cyclopentanone and specialty pentanes is critical for high-end industrial R&D in India.,indiamart.com; dattahydrochem.com
Gennova Biopharmaceuticals,gennova.biotech,Pune,Specialty Biotech,"Vaccines (mRNA), bio-therapeutics, recombinant proteins",Rs.300-500Cr,Dr. Sanjay Singh,CEO,"Scientist, PhD, pioneer in mRNA vaccine research",Strong,State-of-the-art vaccine manufacturing in Pune.,Strong,Pune based.,Strong,Proprietary mRNA vaccine platform and bio-therapeutics.,Strong,CEO is a world-renowned vaccine scientist.,Strong,Global and domestic vaccine self-reliance push.,Strong,Rapid recognition and expansion post-COVID mRNA breakthrough.,100,A — Strong Federer,Strong Pass,"Textbook Federer: Scientist-led, high IP, physical product, high growth.",Developing India’s first indigenous mRNA vaccine platform is a historic technical achievement under your leadership.,gennova.biotech; News reports
Avra Synthesis,avrasynthesis.com,Hyderabad/Pune,Custom Synthesis,"High-purity reagents, intermediates, custom synthesis services",Rs.100-300Cr,Dr. A.V. Rama Rao,Founder & Chairman,"Renowned Scientist, Ex-Director CSIR-IICT",Strong,Own manufacturing and synthesis labs in Hyderabad and Pune.,Strong,Strong Pune presence and HQ in Hyderabad.,Strong,High barrier research chemicals; IP-led synthesis.,Strong,Founder is a Padma Bhushan awardee and legendary chemist.,Strong,Boom in Indian pharma R&D and discovery services.,Strong,Expanding lab and production capacities consistently.,100,A — Strong Federer,Strong Pass,The gold standard for a technical-founder led Federer company in India.,Your legacy of bringing high-end organic synthesis to India is the foundation upon which much of current Indian pharma R&D stands.,avrasynthesis.com; IICT records
Paushak Ltd,paushak.com,Vadodara/Pune,Specialty Chemicals,"Phosgene based intermediates, chloroformates, isocyanates",Rs.150-300Cr,Chirayu Amin,Chairman,Industrialist with strong technical lineage,Strong,Specialized manufacturing plants (one of the few phosgene license holders).,Strong,Major operations in Western India (Vadodara/Pune).,Strong,"Phosgene chemistry is high-risk, high-barrier and extremely niche.",Moderate,Technically competent board and management.,Strong,Global shift away from China for complex intermediates.,Strong,Major capacity expansion in specialty phosgene derivatives underway.,95,A — Strong Federer,Strong Pass,Extreme differentiation due to regulatory and technical barriers (Phosgene).,Managing phosgenation at scale requires immense process discipline; Paushak’s safety and technical record is globally competitive.,paushak.com; NSE/BSE filings
Sujanil Chemo Industries,sujanil.com,Pune,Specialty Chemicals,"Pest control products, household insecticides, agro-chemicals",Rs.50-100Cr,Managing Director,MD,Chemical business and technical experience,Strong,Manufacturing plant in Pune; consistent product innovator.,Strong,Pune based.,Moderate,Well-known regional brands in specialized pest control (e.g. Sujanil oil).,Moderate,Management focus on product efficacy and R&D.,Moderate,Steady growth in household hygiene segment.,Moderate,Steady growth and presence for 50+ years.,75,B — Probable Federer,Pass,Legacy Pune manufacturer with niche dominance in household chemical pest control.,The regional brand equity Sujanil has built over five decades in specialized pest control is a remarkable story of niche dominance.,sujanil.com; Tofler
GeneOmbio Technologies,geneombio.com,Pune,Specialty Biotech,"Molecular diagnostic assays, genomic research tools, testing services",Rs.25-100Cr,Technical Lead,Director - R&D,PhD in Genomics/Biotechnology,Strong,Produces own diagnostic kits and assays in-house.,Strong,Pune based.,Strong,Multi-disciplinary genomics and molecular pathology focus.,Strong,Leadership is heavily research-focused.,Strong,India's genomics boom and personalized medicine push.,Moderate,Consistent addition of new diagnostic tests and platforms.,90,A — Strong Federer,Pass,High-end molecular diagnostic player with strong technical roots.,Your multi-disciplinary approach to genomics and molecular pathology is exactly the kind of specialized innovation Pune is known for.,geneombio.com
IndiSera,indisera.com,Pune,Specialty Biotech,"Antisera, antitoxins, veterinary biologicals",Rs.50-150Cr,Technical Founder,Founder,Immunology/Biotech expertise,Strong,Manufacturing facility for antisera and antitoxins in Pune.,Strong,Pune based.,Strong,Life-saving antisera for snake bites and rabies; high-regulation/high-barrier biologicals.,Strong,Founder is a technical biological expert.,Strong,Increasing focus on public health and veterinary biosecurity.,Moderate,Consistent supplier to public health institutions.,95,A — Strong Federer,Strong Pass,Niche life-saving biological manufacturer with high barriers to entry.,Manufacturing life-saving antisera and antitoxins is a critical national capability; IndiSera’s technical depth in this niche is vital.,indisera.com
Texol Engg Pvt Ltd,texol.in,Pune,Industrial Instrumentation,"Modular Pilot Plants, Process Skids, R&D equipment",Rs.100-300Cr,Technical MD,Managing Director,Process Engineering and Design,Strong,Fabrication facility in Pune for complex modular skids.,Strong,Pune based.,Strong,Modular approach to pilot plants; custom engineering for specialty chemical sectors.,Strong,Engineering-first company culture.,Strong,Global chemical R&D moving to India requires modular pilot infrastructure.,Strong,High growth in orders from MNC chemical players.,100,A — Strong Federer,Strong Pass,High-value specialized engineering that enables R&D-driven growth.,Texol’s modular process skids are redefining how quickly Indian chemical companies can scale from lab to commercial production.,texol.in
Praxys Project Engineers,praxys.com,Pune,Industrial Instrumentation,"Control panels, process automation systems, chemical project engineering",Rs.50-150Cr,MD,Managing Director,Instrumentation & Controls expertise,Strong,Manufacturers control systems and process hardware.,Strong,Pune based.,Moderate,Specialize in automation for hazardous chemical processing environments.,Strong,Technically led management.,Strong,Digitalization and automation push in Indian manufacturing (Industry 4.0).,Moderate,Steady project growth in the chemical belt.,85,A — Strong Federer,Pass,Niche technical focus in automation for complex chemical plants.,Automating hazardous chemical processing environments is a high-stakes technical niche where Praxys’ expertise is clearly visible.,praxys.com
Tuff Coat Polymers,tuffcoatpolymers.com,Pune,Performance Chemicals,"Specialty protective coatings, floorings, waterproofing compounds",Rs.50-100Cr,Managing Director,MD,Polymer Scientist/Technical Expert,Strong,Manufacturing plant in Pune.,Strong,Pune based.,Moderate,"Technical industrial coatings for heavy-duty environments (e.g., auto industry floorings).",Strong,Management is technically involved in product formulation.,Moderate,Industrial expansion in the Pune auto and manufacturing hub.,Moderate,Steady market presence and product expansion.,80,A — Strong Federer,Pass,Specialized industrial polymer products with a focus on durability and engineering.,Your specialty floorings for heavy industrial use are a key enabler for the manufacturing excellence seen in the Pune auto cluster.,tuffcoatpolymers.com
